helmer,month,vmt,helmer_cumulative_vmt,kyoom_min,kyoom_max,vmt_min,vmt_max,rationale
tesla,2025-06,683,683,614,751,614,751,Austin only: robotaxitracker end-of-month cumulative delta; tracker anchors to Tesla fleet-wide disclosures so highway rides with driver-seat monitor (Sep 2025+) are included — matching the incident scope (None + In-Vehicle + Remote Commercial/Test).
tesla,2025-07,6317,7000,5395,8605,4781,7854,Austin only: robotaxitracker end-of-month cumulative delta; tracker anchors to Tesla fleet-wide disclosures so highway rides with driver-seat monitor (Sep 2025+) are included — matching the incident scope (None + In-Vehicle + Remote Commercial/Test).
tesla,2025-08,13000,20000,19400,23000,11050,16250,"Tesla's own Cumulative Paid Robotaxi Miles chart: monthly values vector-extracted from the Q4-2025 and Q1-2026 update-deck PDFs (overlapping months agree within ~3k mi; 658k end-2025, 1.717M end-Mar-2026). Texas driverless service only — the Q3-2025 call tracks Bay Area as a separate supervised series (1M+ mi by Oct 2025) and Aug-2025's ~13k delta is too small to contain the Bay fleet. Read as fleet service miles incl. deadhead, matching the incident scope (None + In-Vehicle + Remote Commercial/Test); if 'paid' is literally passenger-on-board miles the true total is higher, so the cumulative band's top carries ~15% upside and its floor ~3% read noise."
tesla,2025-09,101000,121000,117370,139150,85850,126250,"Tesla's own Cumulative Paid Robotaxi Miles chart: monthly values vector-extracted from the Q4-2025 and Q1-2026 update-deck PDFs (overlapping months agree within ~3k mi; 658k end-2025, 1.717M end-Mar-2026). Texas driverless service only — the Q3-2025 call tracks Bay Area as a separate supervised series (1M+ mi by Oct 2025) and Aug-2025's ~13k delta is too small to contain the Bay fleet. Read as fleet service miles incl. deadhead, matching the incident scope (None + In-Vehicle + Remote Commercial/Test); if 'paid' is literally passenger-on-board miles the true total is higher, so the cumulative band's top carries ~15% upside and its floor ~3% read noise."
tesla,2025-10,145000,266000,258020,305900,123250,181250,"Tesla's own Cumulative Paid Robotaxi Miles chart: monthly values vector-extracted from the Q4-2025 and Q1-2026 update-deck PDFs (overlapping months agree within ~3k mi; 658k end-2025, 1.717M end-Mar-2026). Texas driverless service only — the Q3-2025 call tracks Bay Area as a separate supervised series (1M+ mi by Oct 2025) and Aug-2025's ~13k delta is too small to contain the Bay fleet. Read as fleet service miles incl. deadhead, matching the incident scope (None + In-Vehicle + Remote Commercial/Test); if 'paid' is literally passenger-on-board miles the true total is higher, so the cumulative band's top carries ~15% upside and its floor ~3% read noise."
tesla,2025-11,191000,457000,443290,525550,162350,238750,"Tesla's own Cumulative Paid Robotaxi Miles chart: monthly values vector-extracted from the Q4-2025 and Q1-2026 update-deck PDFs (overlapping months agree within ~3k mi; 658k end-2025, 1.717M end-Mar-2026). Texas driverless service only — the Q3-2025 call tracks Bay Area as a separate supervised series (1M+ mi by Oct 2025) and Aug-2025's ~13k delta is too small to contain the Bay fleet. Read as fleet service miles incl. deadhead, matching the incident scope (None + In-Vehicle + Remote Commercial/Test); if 'paid' is literally passenger-on-board miles the true total is higher, so the cumulative band's top carries ~15% upside and its floor ~3% read noise."
tesla,2025-12,201000,658000,638260,756700,170850,251250,"Tesla's own Cumulative Paid Robotaxi Miles chart: monthly values vector-extracted from the Q4-2025 and Q1-2026 update-deck PDFs (overlapping months agree within ~3k mi; 658k end-2025, 1.717M end-Mar-2026). Texas driverless service only — the Q3-2025 call tracks Bay Area as a separate supervised series (1M+ mi by Oct 2025) and Aug-2025's ~13k delta is too small to contain the Bay fleet. Read as fleet service miles incl. deadhead, matching the incident scope (None + In-Vehicle + Remote Commercial/Test); if 'paid' is literally passenger-on-board miles the true total is higher, so the cumulative band's top carries ~15% upside and its floor ~3% read noise."
tesla,2026-01,297000,955000,926350,1098250,252450,371250,"Tesla's own Cumulative Paid Robotaxi Miles chart: monthly values vector-extracted from the Q4-2025 and Q1-2026 update-deck PDFs (overlapping months agree within ~3k mi; 658k end-2025, 1.717M end-Mar-2026). Texas driverless service only — the Q3-2025 call tracks Bay Area as a separate supervised series (1M+ mi by Oct 2025) and Aug-2025's ~13k delta is too small to contain the Bay fleet. Read as fleet service miles incl. deadhead, matching the incident scope (None + In-Vehicle + Remote Commercial/Test); if 'paid' is literally passenger-on-board miles the true total is higher, so the cumulative band's top carries ~15% upside and its floor ~3% read noise."
zoox,2024-05,7872,7872,5904,11808,5904,11808,"US est., rebuilt 2026-10-03 on CA DMV driverless-testing mileage: central = 2 x the month's California driverless miles (Zoox permit AVDT004; CA DMV Autonomous Vehicle Mileage Reports (driverless) for Dec 2023-Nov 2024 and Dec 2024-Nov 2025, the latter distributed via the DMV's WeTransfer link and mirrored on UC Berkeley's TIMS AV mileage dashboard), i.e. Las Vegas assumed equal to California: both ran small pre-launch fleets carrying employees, plus invited guests from 2025 (LV driverless since Jun 16, 2023 on a 1-mile HQ loop, a 5-mile HQ-to-Strip route from Mar 2024, the Strip from late 2024) and Zoox publishes no Las Vegas mileage series; NV logged 1 in-scope crash to CA's 5 over these 13 months, which at the later ~1.8x CA/NV per-mile crash ratio points to LV ~0.36x CA, while the CTO's 'many of hundreds of thousands of miles here in Las Vegas' (LVRJ, Sep 10, 2025) points higher, so LV = CA is a midpoint. Band = CA + 0.5x-2x the LV share (1.5x-3x CA), so the band's floor stays above the DMV floor. The series starts 2024-05 (Zoox's first in-scope SGO crash); the 40,080 driverless miles before it (CA DMV 20,174 from Feb 2023 + an equal-to-CA LV analog of 19,906 from Jun 2023) come off Zoox's official ~1.3M-as-of-Dec-31-2025 figure (letter to NHTSA Jan 28, 2026, docket NHTSA-2025-0523-0004 p.22)."
zoox,2024-06,6838,14710,11033,22066,5129,10258,"US est., rebuilt 2026-10-03 on CA DMV driverless-testing mileage: central = 2 x the month's California driverless miles (Zoox permit AVDT004; CA DMV Autonomous Vehicle Mileage Reports (driverless) for Dec 2023-Nov 2024 and Dec 2024-Nov 2025, the latter distributed via the DMV's WeTransfer link and mirrored on UC Berkeley's TIMS AV mileage dashboard), i.e. Las Vegas assumed equal to California: both ran small pre-launch fleets carrying employees, plus invited guests from 2025 (LV driverless since Jun 16, 2023 on a 1-mile HQ loop, a 5-mile HQ-to-Strip route from Mar 2024, the Strip from late 2024) and Zoox publishes no Las Vegas mileage series; NV logged 1 in-scope crash to CA's 5 over these 13 months, which at the later ~1.8x CA/NV per-mile crash ratio points to LV ~0.36x CA, while the CTO's 'many of hundreds of thousands of miles here in Las Vegas' (LVRJ, Sep 10, 2025) points higher, so LV = CA is a midpoint. Band = CA + 0.5x-2x the LV share (1.5x-3x CA), so the band's floor stays above the DMV floor. The series starts 2024-05 (Zoox's first in-scope SGO crash); the 40,080 driverless miles before it (CA DMV 20,174 from Feb 2023 + an equal-to-CA LV analog of 19,906 from Jun 2023) come off Zoox's official ~1.3M-as-of-Dec-31-2025 figure (letter to NHTSA Jan 28, 2026, docket NHTSA-2025-0523-0004 p.22)."
zoox,2024-07,8800,23510,17633,35267,6600,13201,"US est., rebuilt 2026-10-03 on CA DMV driverless-testing mileage: central = 2 x the month's California driverless miles (Zoox permit AVDT004; CA DMV Autonomous Vehicle Mileage Reports (driverless) for Dec 2023-Nov 2024 and Dec 2024-Nov 2025, the latter distributed via the DMV's WeTransfer link and mirrored on UC Berkeley's TIMS AV mileage dashboard), i.e. Las Vegas assumed equal to California: both ran small pre-launch fleets carrying employees, plus invited guests from 2025 (LV driverless since Jun 16, 2023 on a 1-mile HQ loop, a 5-mile HQ-to-Strip route from Mar 2024, the Strip from late 2024) and Zoox publishes no Las Vegas mileage series; NV logged 1 in-scope crash to CA's 5 over these 13 months, which at the later ~1.8x CA/NV per-mile crash ratio points to LV ~0.36x CA, while the CTO's 'many of hundreds of thousands of miles here in Las Vegas' (LVRJ, Sep 10, 2025) points higher, so LV = CA is a midpoint. Band = CA + 0.5x-2x the LV share (1.5x-3x CA), so the band's floor stays above the DMV floor. The series starts 2024-05 (Zoox's first in-scope SGO crash); the 40,080 driverless miles before it (CA DMV 20,174 from Feb 2023 + an equal-to-CA LV analog of 19,906 from Jun 2023) come off Zoox's official ~1.3M-as-of-Dec-31-2025 figure (letter to NHTSA Jan 28, 2026, docket NHTSA-2025-0523-0004 p.22)."
zoox,2024-08,7966,31476,23607,47216,5974,11949,"US est., rebuilt 2026-10-03 on CA DMV driverless-testing mileage: central = 2 x the month's California driverless miles (Zoox permit AVDT004; CA DMV Autonomous Vehicle Mileage Reports (driverless) for Dec 2023-Nov 2024 and Dec 2024-Nov 2025, the latter distributed via the DMV's WeTransfer link and mirrored on UC Berkeley's TIMS AV mileage dashboard), i.e. Las Vegas assumed equal to California: both ran small pre-launch fleets carrying employees, plus invited guests from 2025 (LV driverless since Jun 16, 2023 on a 1-mile HQ loop, a 5-mile HQ-to-Strip route from Mar 2024, the Strip from late 2024) and Zoox publishes no Las Vegas mileage series; NV logged 1 in-scope crash to CA's 5 over these 13 months, which at the later ~1.8x CA/NV per-mile crash ratio points to LV ~0.36x CA, while the CTO's 'many of hundreds of thousands of miles here in Las Vegas' (LVRJ, Sep 10, 2025) points higher, so LV = CA is a midpoint. Band = CA + 0.5x-2x the LV share (1.5x-3x CA), so the band's floor stays above the DMV floor. The series starts 2024-05 (Zoox's first in-scope SGO crash); the 40,080 driverless miles before it (CA DMV 20,174 from Feb 2023 + an equal-to-CA LV analog of 19,906 from Jun 2023) come off Zoox's official ~1.3M-as-of-Dec-31-2025 figure (letter to NHTSA Jan 28, 2026, docket NHTSA-2025-0523-0004 p.22)."
zoox,2024-09,7977,39453,29590,59182,5983,11966,"US est., rebuilt 2026-10-03 on CA DMV driverless-testing mileage: central = 2 x the month's California driverless miles (Zoox permit AVDT004; CA DMV Autonomous Vehicle Mileage Reports (driverless) for Dec 2023-Nov 2024 and Dec 2024-Nov 2025, the latter distributed via the DMV's WeTransfer link and mirrored on UC Berkeley's TIMS AV mileage dashboard), i.e. Las Vegas assumed equal to California: both ran small pre-launch fleets carrying employees, plus invited guests from 2025 (LV driverless since Jun 16, 2023 on a 1-mile HQ loop, a 5-mile HQ-to-Strip route from Mar 2024, the Strip from late 2024) and Zoox publishes no Las Vegas mileage series; NV logged 1 in-scope crash to CA's 5 over these 13 months, which at the later ~1.8x CA/NV per-mile crash ratio points to LV ~0.36x CA, while the CTO's 'many of hundreds of thousands of miles here in Las Vegas' (LVRJ, Sep 10, 2025) points higher, so LV = CA is a midpoint. Band = CA + 0.5x-2x the LV share (1.5x-3x CA), so the band's floor stays above the DMV floor. The series starts 2024-05 (Zoox's first in-scope SGO crash); the 40,080 driverless miles before it (CA DMV 20,174 from Feb 2023 + an equal-to-CA LV analog of 19,906 from Jun 2023) come off Zoox's official ~1.3M-as-of-Dec-31-2025 figure (letter to NHTSA Jan 28, 2026, docket NHTSA-2025-0523-0004 p.22)."
zoox,2024-10,5140,44593,33445,66891,3855,7709,"US est., rebuilt 2026-10-03 on CA DMV driverless-testing mileage: central = 2 x the month's California driverless miles (Zoox permit AVDT004; CA DMV Autonomous Vehicle Mileage Reports (driverless) for Dec 2023-Nov 2024 and Dec 2024-Nov 2025, the latter distributed via the DMV's WeTransfer link and mirrored on UC Berkeley's TIMS AV mileage dashboard), i.e. Las Vegas assumed equal to California: both ran small pre-launch fleets carrying employees, plus invited guests from 2025 (LV driverless since Jun 16, 2023 on a 1-mile HQ loop, a 5-mile HQ-to-Strip route from Mar 2024, the Strip from late 2024) and Zoox publishes no Las Vegas mileage series; NV logged 1 in-scope crash to CA's 5 over these 13 months, which at the later ~1.8x CA/NV per-mile crash ratio points to LV ~0.36x CA, while the CTO's 'many of hundreds of thousands of miles here in Las Vegas' (LVRJ, Sep 10, 2025) points higher, so LV = CA is a midpoint. Band = CA + 0.5x-2x the LV share (1.5x-3x CA), so the band's floor stays above the DMV floor. The series starts 2024-05 (Zoox's first in-scope SGO crash); the 40,080 driverless miles before it (CA DMV 20,174 from Feb 2023 + an equal-to-CA LV analog of 19,906 from Jun 2023) come off Zoox's official ~1.3M-as-of-Dec-31-2025 figure (letter to NHTSA Jan 28, 2026, docket NHTSA-2025-0523-0004 p.22)."
zoox,2024-11,8950,53543,40158,80317,6713,13426,"US est., rebuilt 2026-10-03 on CA DMV driverless-testing mileage: central = 2 x the month's California driverless miles (Zoox permit AVDT004; CA DMV Autonomous Vehicle Mileage Reports (driverless) for Dec 2023-Nov 2024 and Dec 2024-Nov 2025, the latter distributed via the DMV's WeTransfer link and mirrored on UC Berkeley's TIMS AV mileage dashboard), i.e. Las Vegas assumed equal to California: both ran small pre-launch fleets carrying employees, plus invited guests from 2025 (LV driverless since Jun 16, 2023 on a 1-mile HQ loop, a 5-mile HQ-to-Strip route from Mar 2024, the Strip from late 2024) and Zoox publishes no Las Vegas mileage series; NV logged 1 in-scope crash to CA's 5 over these 13 months, which at the later ~1.8x CA/NV per-mile crash ratio points to LV ~0.36x CA, while the CTO's 'many of hundreds of thousands of miles here in Las Vegas' (LVRJ, Sep 10, 2025) points higher, so LV = CA is a midpoint. Band = CA + 0.5x-2x the LV share (1.5x-3x CA), so the band's floor stays above the DMV floor. The series starts 2024-05 (Zoox's first in-scope SGO crash); the 40,080 driverless miles before it (CA DMV 20,174 from Feb 2023 + an equal-to-CA LV analog of 19,906 from Jun 2023) come off Zoox's official ~1.3M-as-of-Dec-31-2025 figure (letter to NHTSA Jan 28, 2026, docket NHTSA-2025-0523-0004 p.22)."
zoox,2024-12,27793,81336,61002,122006,20844,41689,"US est., rebuilt 2026-10-03 on CA DMV driverless-testing mileage: central = 2 x the month's California driverless miles (Zoox permit AVDT004; CA DMV Autonomous Vehicle Mileage Reports (driverless) for Dec 2023-Nov 2024 and Dec 2024-Nov 2025, the latter distributed via the DMV's WeTransfer link and mirrored on UC Berkeley's TIMS AV mileage dashboard), i.e. Las Vegas assumed equal to California: both ran small pre-launch fleets carrying employees, plus invited guests from 2025 (LV driverless since Jun 16, 2023 on a 1-mile HQ loop, a 5-mile HQ-to-Strip route from Mar 2024, the Strip from late 2024) and Zoox publishes no Las Vegas mileage series; NV logged 1 in-scope crash to CA's 5 over these 13 months, which at the later ~1.8x CA/NV per-mile crash ratio points to LV ~0.36x CA, while the CTO's 'many of hundreds of thousands of miles here in Las Vegas' (LVRJ, Sep 10, 2025) points higher, so LV = CA is a midpoint. Band = CA + 0.5x-2x the LV share (1.5x-3x CA), so the band's floor stays above the DMV floor. The series starts 2024-05 (Zoox's first in-scope SGO crash); the 40,080 driverless miles before it (CA DMV 20,174 from Feb 2023 + an equal-to-CA LV analog of 19,906 from Jun 2023) come off Zoox's official ~1.3M-as-of-Dec-31-2025 figure (letter to NHTSA Jan 28, 2026, docket NHTSA-2025-0523-0004 p.22)."
zoox,2025-01,36295,117631,88223,176448,27221,54442,"US est., rebuilt 2026-10-03 on CA DMV driverless-testing mileage: central = 2 x the month's California driverless miles (Zoox permit AVDT004; CA DMV Autonomous Vehicle Mileage Reports (driverless) for Dec 2023-Nov 2024 and Dec 2024-Nov 2025, the latter distributed via the DMV's WeTransfer link and mirrored on UC Berkeley's TIMS AV mileage dashboard), i.e. Las Vegas assumed equal to California: both ran small pre-launch fleets carrying employees, plus invited guests from 2025 (LV driverless since Jun 16, 2023 on a 1-mile HQ loop, a 5-mile HQ-to-Strip route from Mar 2024, the Strip from late 2024) and Zoox publishes no Las Vegas mileage series; NV logged 1 in-scope crash to CA's 5 over these 13 months, which at the later ~1.8x CA/NV per-mile crash ratio points to LV ~0.36x CA, while the CTO's 'many of hundreds of thousands of miles here in Las Vegas' (LVRJ, Sep 10, 2025) points higher, so LV = CA is a midpoint. Band = CA + 0.5x-2x the LV share (1.5x-3x CA), so the band's floor stays above the DMV floor. The series starts 2024-05 (Zoox's first in-scope SGO crash); the 40,080 driverless miles before it (CA DMV 20,174 from Feb 2023 + an equal-to-CA LV analog of 19,906 from Jun 2023) come off Zoox's official ~1.3M-as-of-Dec-31-2025 figure (letter to NHTSA Jan 28, 2026, docket NHTSA-2025-0523-0004 p.22)."
zoox,2025-02,25773,143404,107553,215108,19330,38660,"US est., rebuilt 2026-10-03 on CA DMV driverless-testing mileage: central = 2 x the month's California driverless miles (Zoox permit AVDT004; CA DMV Autonomous Vehicle Mileage Reports (driverless) for Dec 2023-Nov 2024 and Dec 2024-Nov 2025, the latter distributed via the DMV's WeTransfer link and mirrored on UC Berkeley's TIMS AV mileage dashboard), i.e. Las Vegas assumed equal to California: both ran small pre-launch fleets carrying employees, plus invited guests from 2025 (LV driverless since Jun 16, 2023 on a 1-mile HQ loop, a 5-mile HQ-to-Strip route from Mar 2024, the Strip from late 2024) and Zoox publishes no Las Vegas mileage series; NV logged 1 in-scope crash to CA's 5 over these 13 months, which at the later ~1.8x CA/NV per-mile crash ratio points to LV ~0.36x CA, while the CTO's 'many of hundreds of thousands of miles here in Las Vegas' (LVRJ, Sep 10, 2025) points higher, so LV = CA is a midpoint. Band = CA + 0.5x-2x the LV share (1.5x-3x CA), so the band's floor stays above the DMV floor. The series starts 2024-05 (Zoox's first in-scope SGO crash); the 40,080 driverless miles before it (CA DMV 20,174 from Feb 2023 + an equal-to-CA LV analog of 19,906 from Jun 2023) come off Zoox's official ~1.3M-as-of-Dec-31-2025 figure (letter to NHTSA Jan 28, 2026, docket NHTSA-2025-0523-0004 p.22)."
zoox,2025-03,30621,174025,130519,261039,22966,45931,"US est., rebuilt 2026-10-03 on CA DMV driverless-testing mileage: central = 2 x the month's California driverless miles (Zoox permit AVDT004; CA DMV Autonomous Vehicle Mileage Reports (driverless) for Dec 2023-Nov 2024 and Dec 2024-Nov 2025, the latter distributed via the DMV's WeTransfer link and mirrored on UC Berkeley's TIMS AV mileage dashboard), i.e. Las Vegas assumed equal to California: both ran small pre-launch fleets carrying employees, plus invited guests from 2025 (LV driverless since Jun 16, 2023 on a 1-mile HQ loop, a 5-mile HQ-to-Strip route from Mar 2024, the Strip from late 2024) and Zoox publishes no Las Vegas mileage series; NV logged 1 in-scope crash to CA's 5 over these 13 months, which at the later ~1.8x CA/NV per-mile crash ratio points to LV ~0.36x CA, while the CTO's 'many of hundreds of thousands of miles here in Las Vegas' (LVRJ, Sep 10, 2025) points higher, so LV = CA is a midpoint. Band = CA + 0.5x-2x the LV share (1.5x-3x CA), so the band's floor stays above the DMV floor. The series starts 2024-05 (Zoox's first in-scope SGO crash); the 40,080 driverless miles before it (CA DMV 20,174 from Feb 2023 + an equal-to-CA LV analog of 19,906 from Jun 2023) come off Zoox's official ~1.3M-as-of-Dec-31-2025 figure (letter to NHTSA Jan 28, 2026, docket NHTSA-2025-0523-0004 p.22)."
zoox,2025-04,37085,211110,158332,316666,27813,55627,"US est., rebuilt 2026-10-03 on CA DMV driverless-testing mileage: central = 2 x the month's California driverless miles (Zoox permit AVDT004; CA DMV Autonomous Vehicle Mileage Reports (driverless) for Dec 2023-Nov 2024 and Dec 2024-Nov 2025, the latter distributed via the DMV's WeTransfer link and mirrored on UC Berkeley's TIMS AV mileage dashboard), i.e. Las Vegas assumed equal to California: both ran small pre-launch fleets carrying employees, plus invited guests from 2025 (LV driverless since Jun 16, 2023 on a 1-mile HQ loop, a 5-mile HQ-to-Strip route from Mar 2024, the Strip from late 2024) and Zoox publishes no Las Vegas mileage series; NV logged 1 in-scope crash to CA's 5 over these 13 months, which at the later ~1.8x CA/NV per-mile crash ratio points to LV ~0.36x CA, while the CTO's 'many of hundreds of thousands of miles here in Las Vegas' (LVRJ, Sep 10, 2025) points higher, so LV = CA is a midpoint. Band = CA + 0.5x-2x the LV share (1.5x-3x CA), so the band's floor stays above the DMV floor. The series starts 2024-05 (Zoox's first in-scope SGO crash); the 40,080 driverless miles before it (CA DMV 20,174 from Feb 2023 + an equal-to-CA LV analog of 19,906 from Jun 2023) come off Zoox's official ~1.3M-as-of-Dec-31-2025 figure (letter to NHTSA Jan 28, 2026, docket NHTSA-2025-0523-0004 p.22)."
zoox,2025-05,30159,241269,180951,361904,22619,45238,"US est., rebuilt 2026-10-03 on CA DMV driverless-testing mileage: central = 2 x the month's California driverless miles (Zoox permit AVDT004; CA DMV Autonomous Vehicle Mileage Reports (driverless) for Dec 2023-Nov 2024 and Dec 2024-Nov 2025, the latter distributed via the DMV's WeTransfer link and mirrored on UC Berkeley's TIMS AV mileage dashboard), i.e. Las Vegas assumed equal to California: both ran small pre-launch fleets carrying employees, plus invited guests from 2025 (LV driverless since Jun 16, 2023 on a 1-mile HQ loop, a 5-mile HQ-to-Strip route from Mar 2024, the Strip from late 2024) and Zoox publishes no Las Vegas mileage series; NV logged 1 in-scope crash to CA's 5 over these 13 months, which at the later ~1.8x CA/NV per-mile crash ratio points to LV ~0.36x CA, while the CTO's 'many of hundreds of thousands of miles here in Las Vegas' (LVRJ, Sep 10, 2025) points higher, so LV = CA is a midpoint. Band = CA + 0.5x-2x the LV share (1.5x-3x CA), so the band's floor stays above the DMV floor. The series starts 2024-05 (Zoox's first in-scope SGO crash); the 40,080 driverless miles before it (CA DMV 20,174 from Feb 2023 + an equal-to-CA LV analog of 19,906 from Jun 2023) come off Zoox's official ~1.3M-as-of-Dec-31-2025 figure (letter to NHTSA Jan 28, 2026, docket NHTSA-2025-0523-0004 p.22)."
zoox,2025-06,68653,309922,235760,444401,54809,82497,"US est., rebuilt 2026-10-03: central = the month's California driverless miles from the CA DMV Dec 2024-Nov 2025 driverless mileage report (Zoox permit AVDT004; Jun-Nov 2025: 22,508 / 26,630 / 36,072 / 35,017 / 42,286 / 56,275 mi) + a Las Vegas share. The LV share is what remains of Zoox's official ~1.3M driverless miles as of Dec 31, 2025 (letter to NHTSA Jan 28, 2026, docket NHTSA-2025-0523-0004 p.22) after the 40,080 pre-series miles, CA and the May 2024-May 2025 rows, kept in the shape of the pre-rebuild estimate scaled by 0.879 (Jun-Dec 2025: 46,145 / 60,104 / 73,780 / 101,080 / 124,579 / 148,324 / 197,373 mi); that puts the 1M-mile crossing (pre-series miles included) around Nov 22, matching Fortune's Dec 17, 2025 report that the fleet 'passed its 1-million-mile technical benchmark' 'a few weeks ago', and Las Vegas past ~350k by Sep 10, 2025, when Zoox's CTO told the Las Vegas Review-Journal the robotaxis had driven 'many of hundreds of thousands of miles here in Las Vegas'. Band = CA + 0.7x-1.3x the LV share. Free rides only (paid LV blocked pending the FMVSS exemption, eventually granted Jul 30, 2026)."
zoox,2025-07,86733,396655,304462,549165,68702,104764,"US est., rebuilt 2026-10-03: central = the month's California driverless miles from the CA DMV Dec 2024-Nov 2025 driverless mileage report (Zoox permit AVDT004; Jun-Nov 2025: 22,508 / 26,630 / 36,072 / 35,017 / 42,286 / 56,275 mi) + a Las Vegas share. The LV share is what remains of Zoox's official ~1.3M driverless miles as of Dec 31, 2025 (letter to NHTSA Jan 28, 2026, docket NHTSA-2025-0523-0004 p.22) after the 40,080 pre-series miles, CA and the May 2024-May 2025 rows, kept in the shape of the pre-rebuild estimate scaled by 0.879 (Jun-Dec 2025: 46,145 / 60,104 / 73,780 / 101,080 / 124,579 / 148,324 / 197,373 mi); that puts the 1M-mile crossing (pre-series miles included) around Nov 22, matching Fortune's Dec 17, 2025 report that the fleet 'passed its 1-million-mile technical benchmark' 'a few weeks ago', and Las Vegas past ~350k by Sep 10, 2025, when Zoox's CTO told the Las Vegas Review-Journal the robotaxis had driven 'many of hundreds of thousands of miles here in Las Vegas'. Band = CA + 0.7x-1.3x the LV share. Free rides only (paid LV blocked pending the FMVSS exemption, eventually granted Jul 30, 2026)."
zoox,2025-08,109852,506507,392180,681151,87718,131986,"US est., rebuilt 2026-10-03: central = the month's California driverless miles from the CA DMV Dec 2024-Nov 2025 driverless mileage report (Zoox permit AVDT004; Jun-Nov 2025: 22,508 / 26,630 / 36,072 / 35,017 / 42,286 / 56,275 mi) + a Las Vegas share. The LV share is what remains of Zoox's official ~1.3M driverless miles as of Dec 31, 2025 (letter to NHTSA Jan 28, 2026, docket NHTSA-2025-0523-0004 p.22) after the 40,080 pre-series miles, CA and the May 2024-May 2025 rows, kept in the shape of the pre-rebuild estimate scaled by 0.879 (Jun-Dec 2025: 46,145 / 60,104 / 73,780 / 101,080 / 124,579 / 148,324 / 197,373 mi); that puts the 1M-mile crossing (pre-series miles included) around Nov 22, matching Fortune's Dec 17, 2025 report that the fleet 'passed its 1-million-mile technical benchmark' 'a few weeks ago', and Las Vegas past ~350k by Sep 10, 2025, when Zoox's CTO told the Las Vegas Review-Journal the robotaxis had driven 'many of hundreds of thousands of miles here in Las Vegas'. Band = CA + 0.7x-1.3x the LV share. Free rides only (paid LV blocked pending the FMVSS exemption, eventually granted Jul 30, 2026)."
zoox,2025-09,136097,642604,497953,847572,105773,166421,"US est., rebuilt 2026-10-03: central = the month's California driverless miles from the CA DMV Dec 2024-Nov 2025 driverless mileage report (Zoox permit AVDT004; Jun-Nov 2025: 22,508 / 26,630 / 36,072 / 35,017 / 42,286 / 56,275 mi) + a Las Vegas share. The LV share is what remains of Zoox's official ~1.3M driverless miles as of Dec 31, 2025 (letter to NHTSA Jan 28, 2026, docket NHTSA-2025-0523-0004 p.22) after the 40,080 pre-series miles, CA and the May 2024-May 2025 rows, kept in the shape of the pre-rebuild estimate scaled by 0.879 (Jun-Dec 2025: 46,145 / 60,104 / 73,780 / 101,080 / 124,579 / 148,324 / 197,373 mi); that puts the 1M-mile crossing (pre-series miles included) around Nov 22, matching Fortune's Dec 17, 2025 report that the fleet 'passed its 1-million-mile technical benchmark' 'a few weeks ago', and Las Vegas past ~350k by Sep 10, 2025, when Zoox's CTO told the Las Vegas Review-Journal the robotaxis had driven 'many of hundreds of thousands of miles here in Las Vegas'. Band = CA + 0.7x-1.3x the LV share. Free rides only (paid LV blocked pending the FMVSS exemption, eventually granted Jul 30, 2026)."
zoox,2025-10,166865,809469,627444,985129,129491,204239,"US est., rebuilt 2026-10-03: central = the month's California driverless miles from the CA DMV Dec 2024-Nov 2025 driverless mileage report (Zoox permit AVDT004; Jun-Nov 2025: 22,508 / 26,630 / 36,072 / 35,017 / 42,286 / 56,275 mi) + a Las Vegas share. The LV share is what remains of Zoox's official ~1.3M driverless miles as of Dec 31, 2025 (letter to NHTSA Jan 28, 2026, docket NHTSA-2025-0523-0004 p.22) after the 40,080 pre-series miles, CA and the May 2024-May 2025 rows, kept in the shape of the pre-rebuild estimate scaled by 0.879 (Jun-Dec 2025: 46,145 / 60,104 / 73,780 / 101,080 / 124,579 / 148,324 / 197,373 mi); that puts the 1M-mile crossing (pre-series miles included) around Nov 22, matching Fortune's Dec 17, 2025 report that the fleet 'passed its 1-million-mile technical benchmark' 'a few weeks ago', and Las Vegas past ~350k by Sep 10, 2025, when Zoox's CTO told the Las Vegas Review-Journal the robotaxis had driven 'many of hundreds of thousands of miles here in Las Vegas'. Band = CA + 0.7x-1.3x the LV share. Free rides only (paid LV blocked pending the FMVSS exemption, eventually granted Jul 30, 2026)."
zoox,2025-11,204599,1014068,872626,1145231,160102,249096,"US est., rebuilt 2026-10-03: central = the month's California driverless miles from the CA DMV Dec 2024-Nov 2025 driverless mileage report (Zoox permit AVDT004; Jun-Nov 2025: 22,508 / 26,630 / 36,072 / 35,017 / 42,286 / 56,275 mi) + a Las Vegas share. The LV share is what remains of Zoox's official ~1.3M driverless miles as of Dec 31, 2025 (letter to NHTSA Jan 28, 2026, docket NHTSA-2025-0523-0004 p.22) after the 40,080 pre-series miles, CA and the May 2024-May 2025 rows, kept in the shape of the pre-rebuild estimate scaled by 0.879 (Jun-Dec 2025: 46,145 / 60,104 / 73,780 / 101,080 / 124,579 / 148,324 / 197,373 mi); that puts the 1M-mile crossing (pre-series miles included) around Nov 22, matching Fortune's Dec 17, 2025 report that the fleet 'passed its 1-million-mile technical benchmark' 'a few weeks ago', and Las Vegas past ~350k by Sep 10, 2025, when Zoox's CTO told the Las Vegas Review-Journal the robotaxis had driven 'many of hundreds of thousands of miles here in Las Vegas'. Band = CA + 0.7x-1.3x the LV share. Free rides only (paid LV blocked pending the FMVSS exemption, eventually granted Jul 30, 2026)."
zoox,2025-12,245852,1259920,1190013,1319873,174642,317387,"US est., rebuilt 2026-10-03: cumulative = Zoox's official ~1.3M driverless miles as of Dec 31, 2025 (letter to NHTSA Jan 28, 2026, docket NHTSA-2025-0523-0004 p.22) less the 40,080 pre-series miles (CA DMV Feb 2023-Apr 2024 + an equal-to-CA Las Vegas analog) = 1,259,920. California's December is not yet in any published DMV report (it falls in the Dec 2025-Nov 2026 reporting year): est. 48,480 mi = the DMV November 56,275 x the CPUC pilot Dec/Nov ratio (36,482 / 42,347 mi), floored at the CPUC 36,482 (pilot miles are a subset of DMV driverless miles) and capped at 60,803 (pilot share 60%); Las Vegas share 197,373 mi (band 0.7x-1.3x), the last step of the Jun-Dec 2025 ramp. Cumulative band (knot added 2026-10-03): 1,190,013 to 1,319,873, the disclosure's own uncertainty rather than the running sum of the monthly bands: 'approximately 1.3 million' read as its rounding interval, 1.25M-1.35M, less the pre-series miles at their own band (California's 20,174 measured, the Las Vegas analog at 0.5x-2x of 19,906: 30,127 to 59,987). Later months' bands chain forward from it, and Oct-Nov 2025's are narrowed back from it. Free rides only (paid LV blocked pending the FMVSS exemption, eventually granted Jul 30, 2026)."
zoox,2026-01,195000,1454920,1326513,1573373,136500,253500,"US est.: miles distributed across the full op history (from 2024-05) and anchored to Zoox's official 1.3M-driverless-miles-as-of-Dec-31-2025 disclosure (letter to NHTSA Jan 28, 2026, docket NHTSA-2025-0523-0004 p.22) and the ~2M-by-late-Mar-2026 milestone; free rides only (paid LV blocked pending the FMVSS exemption, eventually granted Jul 30, 2026); CPUC Q1-2026 CA driverless actual 32.0k mi in Jan (CA is the minor share of US miles); 0.7x–1.3x band. Las Vegas passenger service was unavailable Jan 22-27 for software updates (NTA spokeswoman via LVRJ, Jan 28, 2026; whether no-passenger driverless driving also stopped is not stated), which the milestone-pinned Q1 total absorbs."
zoox,2026-02,236000,1690920,1491713,1880173,165200,306800,"US est.: miles distributed across the full op history (from 2024-05) and anchored to Zoox's official 1.3M-driverless-miles-as-of-Dec-31-2025 disclosure (letter to NHTSA Jan 28, 2026, docket NHTSA-2025-0523-0004 p.22) and the ~2M-by-late-Mar-2026 milestone; free rides only (paid LV blocked pending the FMVSS exemption, eventually granted Jul 30, 2026); CPUC Q1-2026 CA driverless actual 38.2k mi in Feb (CA is the minor share of US miles); 0.7x–1.3x band."
zoox,2026-03,269000,1959920,1680013,2229873,188300,349700,"US est.: miles distributed across the full op history (from 2024-05) and anchored to Zoox's official 1.3M-driverless-miles-as-of-Dec-31-2025 disclosure (letter to NHTSA Jan 28, 2026, docket NHTSA-2025-0523-0004 p.22) and the ~2M-by-late-Mar-2026 milestone; free rides only (paid LV blocked pending the FMVSS exemption, eventually granted Jul 30, 2026); CPUC Q1-2026 CA driverless actual 51.1k mi in Mar (CA is the minor share of US miles); 0.7x–1.3x band."
zoox,2026-04,265000,2224920,1865513,2574373,185500,344500,"US est.: miles distributed across the full op history (from 2024-05) and anchored to Zoox's official 1.3M-driverless-miles-as-of-Dec-31-2025 disclosure (letter to NHTSA Jan 28, 2026, docket NHTSA-2025-0523-0004 p.22) and the ~2M-by-late-Mar-2026 milestone; free rides only (paid LV blocked pending the FMVSS exemption, eventually granted Jul 30, 2026); 0.7x–1.3x band. CPUC Q2-2026 (posted Aug 18, 2026) CA driverless actual: 47,323 mi this month (SF only; ~18% of the estimate) — too small a share to narrow the 0.7x-1.3x band, which stays as authored."
zoox,2026-05,256000,2480920,2044713,2907173,179200,332800,"US rough est.: LV expanded to 15 Strip stops + LAS airport testing (May 2026), SF coverage growing, Austin/Miami employee rides; still free. Zoox cited ~2M cumulative autonomous miles (late Mar 2026), matching our 1.96M through Mar (2.0M with the 40,080 pre-series miles); 0.7x–1.3x band. CPUC Q2-2026 (posted Aug 18, 2026) CA driverless actual: 65,708 mi this month (SF only; ~26% of the estimate) — too small a share to narrow the 0.7x-1.3x band, which stays as authored."
waymo,2021-07,8000,8000,4000,16000,4000,16000,"US est.: SGO-era series (Jul 2021 on; ~0.15M pre-series driverless miles excluded); exponential ramp fit to Waymo's published lifetime milestone of ~1M rider-only miles crossed Jan 2023 (Waymo blog 2023-02-28); Phoenix (Chandler) era, SF rider-only from late 2022; 0.5x-2x monthly band."
waymo,2021-08,9354,17354,8966,33992,4677,18708,"US est.: SGO-era series (Jul 2021 on; ~0.15M pre-series driverless miles excluded); exponential ramp fit to Waymo's published lifetime milestone of ~1M rider-only miles crossed Jan 2023 (Waymo blog 2023-02-28); Phoenix (Chandler) era, SF rider-only from late 2022; 0.5x-2x monthly band."
waymo,2021-09,10937,28291,15089,54246,5468,21874,"US est.: SGO-era series (Jul 2021 on; ~0.15M pre-series driverless miles excluded); exponential ramp fit to Waymo's published lifetime milestone of ~1M rider-only miles crossed Jan 2023 (Waymo blog 2023-02-28); Phoenix (Chandler) era, SF rider-only from late 2022; 0.5x-2x monthly band."
waymo,2021-10,12789,41080,22594,77073,6394,25578,"US est.: SGO-era series (Jul 2021 on; ~0.15M pre-series driverless miles excluded); exponential ramp fit to Waymo's published lifetime milestone of ~1M rider-only miles crossed Jan 2023 (Waymo blog 2023-02-28); Phoenix (Chandler) era, SF rider-only from late 2022; 0.5x-2x monthly band."
waymo,2021-11,14953,56033,31752,102814,7476,29906,"US est.: SGO-era series (Jul 2021 on; ~0.15M pre-series driverless miles excluded); exponential ramp fit to Waymo's published lifetime milestone of ~1M rider-only miles crossed Jan 2023 (Waymo blog 2023-02-28); Phoenix (Chandler) era, SF rider-only from late 2022; 0.5x-2x monthly band."
waymo,2021-12,17484,73517,42885,131861,8742,34968,"US est.: SGO-era series (Jul 2021 on; ~0.15M pre-series driverless miles excluded); exponential ramp fit to Waymo's published lifetime milestone of ~1M rider-only miles crossed Jan 2023 (Waymo blog 2023-02-28); Phoenix (Chandler) era, SF rider-only from late 2022; 0.5x-2x monthly band."
waymo,2022-01,20444,93961,56377,164651,10222,40888,"US est.: SGO-era series (Jul 2021 on; ~0.15M pre-series driverless miles excluded); exponential ramp fit to Waymo's published lifetime milestone of ~1M rider-only miles crossed Jan 2023 (Waymo blog 2023-02-28); Phoenix (Chandler) era, SF rider-only from late 2022; 0.5x-2x monthly band."
waymo,2022-02,23904,117865,72683,201674,11952,47808,"US est.: SGO-era series (Jul 2021 on; ~0.15M pre-series driverless miles excluded); exponential ramp fit to Waymo's published lifetime milestone of ~1M rider-only miles crossed Jan 2023 (Waymo blog 2023-02-28); Phoenix (Chandler) era, SF rider-only from late 2022; 0.5x-2x monthly band."
waymo,2022-03,27950,145815,92350,243479,13975,55900,"US est.: SGO-era series (Jul 2021 on; ~0.15M pre-series driverless miles excluded); exponential ramp fit to Waymo's published lifetime milestone of ~1M rider-only miles crossed Jan 2023 (Waymo blog 2023-02-28); Phoenix (Chandler) era, SF rider-only from late 2022; 0.5x-2x monthly band."
waymo,2022-04,32681,178496,116022,290681,16340,65362,"US est.: SGO-era series (Jul 2021 on; ~0.15M pre-series driverless miles excluded); exponential ramp fit to Waymo's published lifetime milestone of ~1M rider-only miles crossed Jan 2023 (Waymo blog 2023-02-28); Phoenix (Chandler) era, SF rider-only from late 2022; 0.5x-2x monthly band."
waymo,2022-05,38213,216709,144473,343965,19106,76426,"US est.: SGO-era series (Jul 2021 on; ~0.15M pre-series driverless miles excluded); exponential ramp fit to Waymo's published lifetime milestone of ~1M rider-only miles crossed Jan 2023 (Waymo blog 2023-02-28); Phoenix (Chandler) era, SF rider-only from late 2022; 0.5x-2x monthly band."
waymo,2022-06,44681,261390,178616,404094,22340,89362,"US est.: SGO-era series (Jul 2021 on; ~0.15M pre-series driverless miles excluded); exponential ramp fit to Waymo's published lifetime milestone of ~1M rider-only miles crossed Jan 2023 (Waymo blog 2023-02-28); Phoenix (Chandler) era, SF rider-only from late 2022; 0.5x-2x monthly band."
waymo,2022-07,52243,313633,219543,471913,26122,104486,"US est.: SGO-era series (Jul 2021 on; ~0.15M pre-series driverless miles excluded); exponential ramp fit to Waymo's published lifetime milestone of ~1M rider-only miles crossed Jan 2023 (Waymo blog 2023-02-28); Phoenix (Chandler) era, SF rider-only from late 2022; 0.5x-2x monthly band."
waymo,2022-08,61086,374719,268549,548360,30543,122172,"US est.: SGO-era series (Jul 2021 on; ~0.15M pre-series driverless miles excluded); exponential ramp fit to Waymo's published lifetime milestone of ~1M rider-only miles crossed Jan 2023 (Waymo blog 2023-02-28); Phoenix (Chandler) era, SF rider-only from late 2022; 0.5x-2x monthly band."
waymo,2022-09,71426,446145,327173,634468,35713,142852,"US est.: SGO-era series (Jul 2021 on; ~0.15M pre-series driverless miles excluded); exponential ramp fit to Waymo's published lifetime milestone of ~1M rider-only miles crossed Jan 2023 (Waymo blog 2023-02-28); Phoenix (Chandler) era, SF rider-only from late 2022; 0.5x-2x monthly band."
waymo,2022-10,83516,529661,397246,731374,41758,167032,"US est.: SGO-era series (Jul 2021 on; ~0.15M pre-series driverless miles excluded); exponential ramp fit to Waymo's published lifetime milestone of ~1M rider-only miles crossed Jan 2023 (Waymo blog 2023-02-28); Phoenix (Chandler) era, SF rider-only from late 2022; 0.5x-2x monthly band."
waymo,2022-11,97652,627313,480940,840321,48826,195304,"US est.: SGO-era series (Jul 2021 on; ~0.15M pre-series driverless miles excluded); exponential ramp fit to Waymo's published lifetime milestone of ~1M rider-only miles crossed Jan 2023 (Waymo blog 2023-02-28); Phoenix (Chandler) era, SF rider-only from late 2022; 0.5x-2x monthly band."
waymo,2022-12,114180,741493,580836,962664,57090,228360,"US est.: SGO-era series (Jul 2021 on; ~0.15M pre-series driverless miles excluded); exponential ramp fit to Waymo's published lifetime milestone of ~1M rider-only miles crossed Jan 2023 (Waymo blog 2023-02-28); Phoenix (Chandler) era, SF rider-only from late 2022; 0.5x-2x monthly band."
waymo,2023-01,133507,875000,700000,1099875,66754,267014,"US est.: SGO-era series (Jul 2021 on; ~0.15M pre-series driverless miles excluded); exponential ramp fit to Waymo's published lifetime milestone of ~1M rider-only miles crossed Jan 2023 (Waymo blog 2023-02-28); Phoenix (Chandler) era, SF rider-only from late 2022; 0.5x-2x monthly band."
waymo,2023-02,531191,1406191,1147452,1735396,265595,796786,"US est.: CA CPUC driverless VMT scaled to US (original monthly profile x1.093 to bridge from the re-baselined early ramp); pinned between the ~1M (crossed Jan 2023, Waymo blog 2023-02-28) and 7.14M-through-Oct-2023 (arXiv 2312.12675) published milestones as exact centrals (minus ~0.15M pre-series miles); 0.5x-1.5x monthly band."
waymo,2023-03,592040,1998231,1662528,2420302,296021,888060,"US est.: CA CPUC driverless VMT scaled to US (original monthly profile x1.093 to bridge from the re-baselined early ramp); pinned between the ~1M (crossed Jan 2023, Waymo blog 2023-02-28) and 7.14M-through-Oct-2023 (arXiv 2312.12675) published milestones as exact centrals (minus ~0.15M pre-series miles); 0.5x-1.5x monthly band."
waymo,2023-04,585892,2584123,2191336,3070799,292946,878837,"US est.: CA CPUC driverless VMT scaled to US (original monthly profile x1.093 to bridge from the re-baselined early ramp); pinned between the ~1M (crossed Jan 2023, Waymo blog 2023-02-28) and 7.14M-through-Oct-2023 (arXiv 2312.12675) published milestones as exact centrals (minus ~0.15M pre-series miles); 0.5x-1.5x monthly band."
waymo,2023-05,628429,3212552,2775645,3744051,314214,942644,"US est.: CA CPUC driverless VMT scaled to US (original monthly profile x1.093 to bridge from the re-baselined early ramp); pinned between the ~1M (crossed Jan 2023, Waymo blog 2023-02-28) and 7.14M-through-Oct-2023 (arXiv 2312.12675) published milestones as exact centrals (minus ~0.15M pre-series miles); 0.5x-1.5x monthly band."
waymo,2023-06,639635,3852187,3389925,4401338,319818,959453,"US est.: CA CPUC driverless VMT scaled to US (original monthly profile x1.093 to bridge from the re-baselined early ramp); pinned between the ~1M (crossed Jan 2023, Waymo blog 2023-02-28) and 7.14M-through-Oct-2023 (arXiv 2312.12675) published milestones as exact centrals (minus ~0.15M pre-series miles); 0.5x-1.5x monthly band."
waymo,2023-07,703110,4555297,4081546,5100414,351555,1054666,"US est.: CA CPUC driverless VMT scaled to US (original monthly profile x1.093 to bridge from the re-baselined early ramp); pinned between the ~1M (crossed Jan 2023, Waymo blog 2023-02-28) and 7.14M-through-Oct-2023 (arXiv 2312.12675) published milestones as exact centrals (minus ~0.15M pre-series miles); 0.5x-1.5x monthly band."
waymo,2023-08,755740,5311037,4843666,5825027,377870,1133609,"US est.: CA CPUC driverless VMT scaled to US (original monthly profile x1.093 to bridge from the re-baselined early ramp); pinned between the ~1M (crossed Jan 2023, Waymo blog 2023-02-28) and 7.14M-through-Oct-2023 (arXiv 2312.12675) published milestones as exact centrals (minus ~0.15M pre-series miles); 0.5x-1.5x monthly band."
waymo,2023-09,790786,6101823,5662492,6552680,395393,1186179,"US est.: CA CPUC driverless VMT scaled to US (original monthly profile x1.093 to bridge from the re-baselined early ramp); pinned between the ~1M (crossed Jan 2023, Waymo blog 2023-02-28) and 7.14M-through-Oct-2023 (arXiv 2312.12675) published milestones as exact centrals (minus ~0.15M pre-series miles); 0.5x-1.5x monthly band."
waymo,2023-10,888177,6990000,6598560,7346490,444088,1332266,"US est.: CA CPUC driverless VMT scaled to US (original monthly profile x1.093 to bridge from the re-baselined early ramp); pinned between the ~1M (crossed Jan 2023, Waymo blog 2023-02-28) and 7.14M-through-Oct-2023 (arXiv 2312.12675) published milestones as exact centrals (minus ~0.15M pre-series miles); 0.5x-1.5x monthly band."
waymo,2023-11,931491,7921491,7501652,8321526,465746,1397236,"US est.: CA CPUC driverless VMT scaled to US via cumulative milestone intervals (IGNOREME.md, Waymo VMT Methodology); level re-baselined -2.824M so the published milestones of these months (9.3M end-2023, 22M Jun-2024, 25M Jul-2024, 50M end-2024, 56.7M Jan-2025) are exact centrals minus ~0.15M pre-series miles, not floors. The later Mar/Jun/Sep-2025 anchors are no longer the 71M/96M/127M milestones: since the 2026-08-28 re-chain each is the Waymo Safety Impact hub's All-Locations total plus an estimate of rider-only miles in metros the hub had not yet benchmarked, less the ~0.15M (71.47M end-Mar-2025, 96.52M end-Jun-2025 and 129.01M end-Sep-2025; data/README.md, Waymo anchors); these rows' own numbers predate that re-chain and are unchanged."
waymo,2023-12,1228509,9150000,8692500,9607500,798531,1658487,"US est.: CA CPUC driverless VMT scaled to US via cumulative milestone intervals (IGNOREME.md, Waymo VMT Methodology); level re-baselined -2.824M so the published milestones of these months (9.3M end-2023, 22M Jun-2024, 25M Jul-2024, 50M end-2024, 56.7M Jan-2025) are exact centrals minus ~0.15M pre-series miles, not floors. The later Mar/Jun/Sep-2025 anchors are no longer the 71M/96M/127M milestones: since the 2026-08-28 re-chain each is the Waymo Safety Impact hub's All-Locations total plus an estimate of rider-only miles in metros the hub had not yet benchmarked, less the ~0.15M (71.47M end-Mar-2025, 96.52M end-Jun-2025 and 129.01M end-Sep-2025; data/README.md, Waymo anchors); these rows' own numbers predate that re-chain and are unchanged."
waymo,2024-01,1561387,10711387,10211522,11211252,1014902,2107872,"US est.: CA CPUC driverless VMT scaled to US via cumulative milestone intervals (IGNOREME.md, Waymo VMT Methodology); level re-baselined -2.824M so the published milestones of these months (9.3M end-2023, 22M Jun-2024, 25M Jul-2024, 50M end-2024, 56.7M Jan-2025) are exact centrals minus ~0.15M pre-series miles, not floors. The later Mar/Jun/Sep-2025 anchors are no longer the 71M/96M/127M milestones: since the 2026-08-28 re-chain each is the Waymo Safety Impact hub's All-Locations total plus an estimate of rider-only miles in metros the hub had not yet benchmarked, less the ~0.15M (71.47M end-Mar-2025, 96.52M end-Jun-2025 and 129.01M end-Sep-2025; data/README.md, Waymo anchors); these rows' own numbers predate that re-chain and are unchanged."
waymo,2024-02,1752784,12464171,11924057,13004285,1139310,2366258,"US est.: CA CPUC driverless VMT scaled to US via cumulative milestone intervals (IGNOREME.md, Waymo VMT Methodology); level re-baselined -2.824M so the published milestones of these months (9.3M end-2023, 22M Jun-2024, 25M Jul-2024, 50M end-2024, 56.7M Jan-2025) are exact centrals minus ~0.15M pre-series miles, not floors. The later Mar/Jun/Sep-2025 anchors are no longer the 71M/96M/127M milestones: since the 2026-08-28 re-chain each is the Waymo Safety Impact hub's All-Locations total plus an estimate of rider-only miles in metros the hub had not yet benchmarked, less the ~0.15M (71.47M end-Mar-2025, 96.52M end-Jun-2025 and 129.01M end-Sep-2025; data/README.md, Waymo anchors); these rows' own numbers predate that re-chain and are unchanged."
waymo,2024-03,2131380,14595551,14011729,15179373,1385397,2877363,"US est.: CA CPUC driverless VMT scaled to US via cumulative milestone intervals (IGNOREME.md, Waymo VMT Methodology); level re-baselined -2.824M so the published milestones of these months (9.3M end-2023, 22M Jun-2024, 25M Jul-2024, 50M end-2024, 56.7M Jan-2025) are exact centrals minus ~0.15M pre-series miles, not floors. The later Mar/Jun/Sep-2025 anchors are no longer the 71M/96M/127M milestones: since the 2026-08-28 re-chain each is the Waymo Safety Impact hub's All-Locations total plus an estimate of rider-only miles in metros the hub had not yet benchmarked, less the ~0.15M (71.47M end-Mar-2025, 96.52M end-Jun-2025 and 129.01M end-Sep-2025; data/README.md, Waymo anchors); these rows' own numbers predate that re-chain and are unchanged."
waymo,2024-04,2263088,16858639,16240489,17476789,1471007,3055169,"US est.: CA CPUC driverless VMT scaled to US via cumulative milestone intervals (IGNOREME.md, Waymo VMT Methodology); level re-baselined -2.824M so the published milestones of these months (9.3M end-2023, 22M Jun-2024, 25M Jul-2024, 50M end-2024, 56.7M Jan-2025) are exact centrals minus ~0.15M pre-series miles, not floors. The later Mar/Jun/Sep-2025 anchors are no longer the 71M/96M/127M milestones: since the 2026-08-28 re-chain each is the Waymo Safety Impact hub's All-Locations total plus an estimate of rider-only miles in metros the hub had not yet benchmarked, less the ~0.15M (71.47M end-Mar-2025, 96.52M end-Jun-2025 and 129.01M end-Sep-2025; data/README.md, Waymo anchors); these rows' own numbers predate that re-chain and are unchanged."
waymo,2024-05,2489584,19348223,18703282,19993164,1618230,3360938,"US est.: CA CPUC driverless VMT scaled to US via cumulative milestone intervals (IGNOREME.md, Waymo VMT Methodology); level re-baselined -2.824M so the published milestones of these months (9.3M end-2023, 22M Jun-2024, 25M Jul-2024, 50M end-2024, 56.7M Jan-2025) are exact centrals minus ~0.15M pre-series miles, not floors. The later Mar/Jun/Sep-2025 anchors are no longer the 71M/96M/127M milestones: since the 2026-08-28 re-chain each is the Waymo Safety Impact hub's All-Locations total plus an estimate of rider-only miles in metros the hub had not yet benchmarked, less the ~0.15M (71.47M end-Mar-2025, 96.52M end-Jun-2025 and 129.01M end-Sep-2025; data/README.md, Waymo anchors); these rows' own numbers predate that re-chain and are unchanged."
waymo,2024-06,2501777,21850000,21194500,22505500,1626155,3377399,"US est.: CA CPUC driverless VMT scaled to US via cumulative milestone intervals (IGNOREME.md, Waymo VMT Methodology); level re-baselined -2.824M so the published milestones of these months (9.3M end-2023, 22M Jun-2024, 25M Jul-2024, 50M end-2024, 56.7M Jan-2025) are exact centrals minus ~0.15M pre-series miles, not floors. The later Mar/Jun/Sep-2025 anchors are no longer the 71M/96M/127M milestones: since the 2026-08-28 re-chain each is the Waymo Safety Impact hub's All-Locations total plus an estimate of rider-only miles in metros the hub had not yet benchmarked, less the ~0.15M (71.47M end-Mar-2025, 96.52M end-Jun-2025 and 129.01M end-Sep-2025; data/README.md, Waymo anchors); these rows' own numbers predate that re-chain and are unchanged."
waymo,2024-07,3000000,24850000,24104500,25595500,2250000,3750000,"US est.: CA CPUC driverless VMT scaled to US via cumulative milestone intervals (IGNOREME.md, Waymo VMT Methodology); level re-baselined -2.824M so the published milestones of these months (9.3M end-2023, 22M Jun-2024, 25M Jul-2024, 50M end-2024, 56.7M Jan-2025) are exact centrals minus ~0.15M pre-series miles, not floors. The later Mar/Jun/Sep-2025 anchors are no longer the 71M/96M/127M milestones: since the 2026-08-28 re-chain each is the Waymo Safety Impact hub's All-Locations total plus an estimate of rider-only miles in metros the hub had not yet benchmarked, less the ~0.15M (71.47M end-Mar-2025, 96.52M end-Jun-2025 and 129.01M end-Sep-2025; data/README.md, Waymo anchors); these rows' own numbers predate that re-chain and are unchanged."
waymo,2024-08,3969048,28819048,27954477,29683619,2976786,4961310,"US est.: CA CPUC driverless VMT scaled to US via cumulative milestone intervals (IGNOREME.md, Waymo VMT Methodology); level re-baselined -2.824M so the published milestones of these months (9.3M end-2023, 22M Jun-2024, 25M Jul-2024, 50M end-2024, 56.7M Jan-2025) are exact centrals minus ~0.15M pre-series miles, not floors. The later Mar/Jun/Sep-2025 anchors are no longer the 71M/96M/127M milestones: since the 2026-08-28 re-chain each is the Waymo Safety Impact hub's All-Locations total plus an estimate of rider-only miles in metros the hub had not yet benchmarked, less the ~0.15M (71.47M end-Mar-2025, 96.52M end-Jun-2025 and 129.01M end-Sep-2025; data/README.md, Waymo anchors); these rows' own numbers predate that re-chain and are unchanged."
waymo,2024-09,4513576,33332624,32332645,34332603,3385182,5641970,"US est.: CA CPUC driverless VMT scaled to US via cumulative milestone intervals (IGNOREME.md, Waymo VMT Methodology); level re-baselined -2.824M so the published milestones of these months (9.3M end-2023, 22M Jun-2024, 25M Jul-2024, 50M end-2024, 56.7M Jan-2025) are exact centrals minus ~0.15M pre-series miles, not floors. The later Mar/Jun/Sep-2025 anchors are no longer the 71M/96M/127M milestones: since the 2026-08-28 re-chain each is the Waymo Safety Impact hub's All-Locations total plus an estimate of rider-only miles in metros the hub had not yet benchmarked, less the ~0.15M (71.47M end-Mar-2025, 96.52M end-Jun-2025 and 129.01M end-Sep-2025; data/README.md, Waymo anchors); these rows' own numbers predate that re-chain and are unchanged."
waymo,2024-10,5212185,38544809,37388465,39701153,3909139,6515231,"US est.: CA CPUC driverless VMT scaled to US via cumulative milestone intervals (IGNOREME.md, Waymo VMT Methodology); level re-baselined -2.824M so the published milestones of these months (9.3M end-2023, 22M Jun-2024, 25M Jul-2024, 50M end-2024, 56.7M Jan-2025) are exact centrals minus ~0.15M pre-series miles, not floors. The later Mar/Jun/Sep-2025 anchors are no longer the 71M/96M/127M milestones: since the 2026-08-28 re-chain each is the Waymo Safety Impact hub's All-Locations total plus an estimate of rider-only miles in metros the hub had not yet benchmarked, less the ~0.15M (71.47M end-Mar-2025, 96.52M end-Jun-2025 and 129.01M end-Sep-2025; data/README.md, Waymo anchors); these rows' own numbers predate that re-chain and are unchanged."
waymo,2024-11,5433979,43978788,42659424,45298152,4075484,6792474,"US est.: CA CPUC driverless VMT scaled to US via cumulative milestone intervals (IGNOREME.md, Waymo VMT Methodology); level re-baselined -2.824M so the published milestones of these months (9.3M end-2023, 22M Jun-2024, 25M Jul-2024, 50M end-2024, 56.7M Jan-2025) are exact centrals minus ~0.15M pre-series miles, not floors. The later Mar/Jun/Sep-2025 anchors are no longer the 71M/96M/127M milestones: since the 2026-08-28 re-chain each is the Waymo Safety Impact hub's All-Locations total plus an estimate of rider-only miles in metros the hub had not yet benchmarked, less the ~0.15M (71.47M end-Mar-2025, 96.52M end-Jun-2025 and 129.01M end-Sep-2025; data/README.md, Waymo anchors); these rows' own numbers predate that re-chain and are unchanged."
waymo,2024-12,5871213,49850001,48354501,51345501,4403410,7339016,"US est.: CA CPUC driverless VMT scaled to US via cumulative milestone intervals (IGNOREME.md, Waymo VMT Methodology); level re-baselined -2.824M so the published milestones of these months (9.3M end-2023, 22M Jun-2024, 25M Jul-2024, 50M end-2024, 56.7M Jan-2025) are exact centrals minus ~0.15M pre-series miles, not floors. The later Mar/Jun/Sep-2025 anchors are no longer the 71M/96M/127M milestones: since the 2026-08-28 re-chain each is the Waymo Safety Impact hub's All-Locations total plus an estimate of rider-only miles in metros the hub had not yet benchmarked, less the ~0.15M (71.47M end-Mar-2025, 96.52M end-Jun-2025 and 129.01M end-Sep-2025; data/README.md, Waymo anchors); these rows' own numbers predate that re-chain and are unchanged."
waymo,2025-01,6700000,56550001,54853501,58246501,5025000,8375000,"US est.: CA CPUC driverless VMT scaled to US via cumulative milestone intervals (IGNOREME.md, Waymo VMT Methodology); level re-baselined -2.824M so the published milestones of these months (9.3M end-2023, 22M Jun-2024, 25M Jul-2024, 50M end-2024, 56.7M Jan-2025) are exact centrals minus ~0.15M pre-series miles, not floors. The later Mar/Jun/Sep-2025 anchors are no longer the 71M/96M/127M milestones: since the 2026-08-28 re-chain each is the Waymo Safety Impact hub's All-Locations total plus an estimate of rider-only miles in metros the hub had not yet benchmarked, less the ~0.15M (71.47M end-Mar-2025, 96.52M end-Jun-2025 and 129.01M end-Sep-2025; data/README.md, Waymo anchors); these rows' own numbers predate that re-chain and are unchanged."
waymo,2025-02,6855760,63405761,61186560,65624962,5141819,8569701,"US est.: CA CPUC driverless VMT scaled to US via cumulative milestone intervals (IGNOREME.md, Waymo VMT Methodology). Cumulative anchors (re-chained 2026-08-28, monthly shape within each anchor interval unchanged): the Waymo Safety Impact hub's All-Locations total plus an estimate of rider-only miles in metros the hub had not yet benchmarked, less ~0.15M pre-series miles: 71.47M end-Mar-2025 (hub 71.432M + 0.188M), 96.52M end-Jun-2025 (95.965M + 0.7M) and 129.01M end-Sep-2025 (127.158M + 2.0M) (data/README.md, Waymo anchors). The earlier published milestones (9.3M end-2023 to 56.7M Jan-2025) are exact centrals minus ~0.15M pre-series miles, not floors."
waymo,2025-03,8064239,71470000,68611200,74328800,6048180,10080298,"US est.: CA CPUC driverless VMT scaled to US via cumulative milestone intervals (IGNOREME.md, Waymo VMT Methodology). Cumulative anchors (re-chained 2026-08-28, monthly shape within each anchor interval unchanged): the Waymo Safety Impact hub's All-Locations total plus an estimate of rider-only miles in metros the hub had not yet benchmarked, less ~0.15M pre-series miles: 71.47M end-Mar-2025 (hub 71.432M + 0.188M), 96.52M end-Jun-2025 (95.965M + 0.7M) and 129.01M end-Sep-2025 (127.158M + 2.0M) (data/README.md, Waymo anchors). The earlier published milestones (9.3M end-2023 to 56.7M Jan-2025) are exact centrals minus ~0.15M pre-series miles, not floors."
waymo,2025-04,8042600,79512600,76729659,82295541,6031950,10053250,"US est.: CA CPUC driverless VMT scaled to US via cumulative milestone intervals (IGNOREME.md, Waymo VMT Methodology). Cumulative anchors (re-chained 2026-08-28, monthly shape within each anchor interval unchanged): the Waymo Safety Impact hub's All-Locations total plus an estimate of rider-only miles in metros the hub had not yet benchmarked, less ~0.15M pre-series miles: 71.47M end-Mar-2025 (hub 71.432M + 0.188M), 96.52M end-Jun-2025 (95.965M + 0.7M) and 129.01M end-Sep-2025 (127.158M + 2.0M) (data/README.md, Waymo anchors). The earlier published milestones (9.3M end-2023 to 56.7M Jan-2025) are exact centrals minus ~0.15M pre-series miles, not floors."
waymo,2025-05,8692253,88204853,85558707,90850999,6519189,10865317,"US est.: CA CPUC driverless VMT scaled to US via cumulative milestone intervals (IGNOREME.md, Waymo VMT Methodology). Cumulative anchors (re-chained 2026-08-28, monthly shape within each anchor interval unchanged): the Waymo Safety Impact hub's All-Locations total plus an estimate of rider-only miles in metros the hub had not yet benchmarked, less ~0.15M pre-series miles: 71.47M end-Mar-2025 (hub 71.432M + 0.188M), 96.52M end-Jun-2025 (95.965M + 0.7M) and 129.01M end-Sep-2025 (127.158M + 2.0M) (data/README.md, Waymo anchors). The earlier published milestones (9.3M end-2023 to 56.7M Jan-2025) are exact centrals minus ~0.15M pre-series miles, not floors."
waymo,2025-06,8310147,96515000,94102125,98927875,6232610,10387684,"US est.: CA CPUC driverless VMT scaled to US via cumulative milestone intervals (IGNOREME.md, Waymo VMT Methodology). Cumulative anchors (re-chained 2026-08-28, monthly shape within each anchor interval unchanged): the Waymo Safety Impact hub's All-Locations total plus an estimate of rider-only miles in metros the hub had not yet benchmarked, less ~0.15M pre-series miles: 71.47M end-Mar-2025 (hub 71.432M + 0.188M), 96.52M end-Jun-2025 (95.965M + 0.7M) and 129.01M end-Sep-2025 (127.158M + 2.0M) (data/README.md, Waymo anchors). The earlier published milestones (9.3M end-2023 to 56.7M Jan-2025) are exact centrals minus ~0.15M pre-series miles, not floors."
waymo,2025-07,9299043,105814043,103627219,108000867,6974282,11623804,"US est.: CA CPUC driverless VMT scaled to US via cumulative milestone intervals (IGNOREME.md, Waymo VMT Methodology). Cumulative anchors (re-chained 2026-08-28, monthly shape within each anchor interval unchanged): the Waymo Safety Impact hub's All-Locations total plus an estimate of rider-only miles in metros the hub had not yet benchmarked, less ~0.15M pre-series miles: 71.47M end-Mar-2025 (hub 71.432M + 0.188M), 96.52M end-Jun-2025 (95.965M + 0.7M) and 129.01M end-Sep-2025 (127.158M + 2.0M) (data/README.md, Waymo anchors). The earlier published milestones (9.3M end-2023 to 56.7M Jan-2025) are exact centrals minus ~0.15M pre-series miles, not floors."
waymo,2025-08,10990453,116804496,114896689,118712303,8242840,13738066,"US est.: CA CPUC driverless VMT scaled to US via cumulative milestone intervals (IGNOREME.md, Waymo VMT Methodology). Cumulative anchors (re-chained 2026-08-28, monthly shape within each anchor interval unchanged): the Waymo Safety Impact hub's All-Locations total plus an estimate of rider-only miles in metros the hub had not yet benchmarked, less ~0.15M pre-series miles: 71.47M end-Mar-2025 (hub 71.432M + 0.188M), 96.52M end-Jun-2025 (95.965M + 0.7M) and 129.01M end-Sep-2025 (127.158M + 2.0M) (data/README.md, Waymo anchors). The earlier published milestones (9.3M end-2023 to 56.7M Jan-2025) are exact centrals minus ~0.15M pre-series miles, not floors."
waymo,2025-09,12203504,129008000,128308000,130108000,9152628,15254380,"US est.: CA CPUC driverless VMT scaled to US via cumulative milestone intervals (IGNOREME.md, Waymo VMT Methodology). Cumulative anchors (re-chained 2026-08-28, monthly shape within each anchor interval unchanged): the Waymo Safety Impact hub's All-Locations total plus an estimate of rider-only miles in metros the hub had not yet benchmarked, less ~0.15M pre-series miles: 71.47M end-Mar-2025 (hub 71.432M + 0.188M), 96.52M end-Jun-2025 (95.965M + 0.7M) and 129.01M end-Sep-2025 (127.158M + 2.0M) (data/README.md, Waymo anchors). The earlier published milestones (9.3M end-2023 to 56.7M Jan-2025) are exact centrals minus ~0.15M pre-series miles, not floors. The cumulative band at this anchor was reset 2026-09-26 to the anchor's own uncertainty, the hub total plus the low and high unbenchmarked-metro estimates (1.3M to 3.1M) less 0.15M, 128,308,000 to 130,108,000, as at Dec-2025 and Mar-2026 (it had sat 0.85M looser below and 0.45M above)."
waymo,2025-10,13628264,142636264,141209901,144062627,9539785,17716743,"US est.: CPUC-shaped Oct-Dec profile x1.103 (x1.0653 before the 2026-08-28 anchor move), bridging the 129.01M end-Sep-2025 anchor to the 174.26M end-Dec-2025 anchor (the Waymo Safety Impact hub's 170.712M plus 3.7M estimated in metros the hub had not yet benchmarked, less the ~0.15M pre-series miles; data/README.md, Waymo anchors); +/-30% monthly band. Cumulative-band knots re-set 2026-09-04: Dec-2025 = the hub total plus the low and high unbenchmarked-metro estimates (3.0M to 4.6M) less 0.15M, the anchor's own uncertainty, as at Sep-2025 and Mar-2026; Oct/Nov interpolated (-1.0%/+1.0% and -0.8%/+0.8%); Jan-2026 = the Dec band plus January's monthly band. Re-chained 2026-08-28 with the monthly shape within each anchor interval unchanged."
waymo,2025-11,14761103,157397367,156138188,158656546,10332772,19189434,"US est.: CPUC-shaped Oct-Dec profile x1.103 (x1.0653 before the 2026-08-28 anchor move), bridging the 129.01M end-Sep-2025 anchor to the 174.26M end-Dec-2025 anchor (the Waymo Safety Impact hub's 170.712M plus 3.7M estimated in metros the hub had not yet benchmarked, less the ~0.15M pre-series miles; data/README.md, Waymo anchors); +/-30% monthly band. Cumulative-band knots re-set 2026-09-04: Dec-2025 = the hub total plus the low and high unbenchmarked-metro estimates (3.0M to 4.6M) less 0.15M, the anchor's own uncertainty, as at Sep-2025 and Mar-2026; Oct/Nov interpolated (-1.0%/+1.0% and -0.8%/+0.8%); Jan-2026 = the Dec band plus January's monthly band. Re-chained 2026-08-28 with the monthly shape within each anchor interval unchanged."
waymo,2025-12,16864633,174262000,173562000,175162000,11805243,21924023,"US est.: CPUC-shaped Oct-Dec profile x1.103 (x1.0653 before the 2026-08-28 anchor move), bridging the 129.01M end-Sep-2025 anchor to the 174.26M end-Dec-2025 anchor (the Waymo Safety Impact hub's 170.712M plus 3.7M estimated in metros the hub had not yet benchmarked, less the ~0.15M pre-series miles; data/README.md, Waymo anchors); +/-30% monthly band. Cumulative-band knots re-set 2026-09-04: Dec-2025 = the hub total plus the low and high unbenchmarked-metro estimates (3.0M to 4.6M) less 0.15M, the anchor's own uncertainty, as at Sep-2025 and Mar-2026; Oct/Nov interpolated (-1.0%/+1.0% and -0.8%/+0.8%); Jan-2026 = the Dec band plus January's monthly band. Re-chained 2026-08-28 with the monthly shape within each anchor interval unchanged."
waymo,2026-01,16034802,190296802,185588102,195205502,12026102,20043502,"US est.: calibrated to Waymo's 220.6M rider-only miles through Mar 2026 (Safety Impact hub, Jun 24, 2026 update), bridging the 174.26M end-Dec-2025 anchor to the 222.46M end-Mar-2026 anchor (the hub's 220.613M plus 2.0M estimated in metros the hub had not yet benchmarked, less ~0.15M pre-series miles; data/README.md, Waymo anchors); consistent with >4M mi/week late Mar; CPUC Q1-2026 CA driverless actuals 9.09M Jan/8.19M Feb/9.11M Mar (54.9% CA share after the 2026-08-28 re-chain) corroborate level and shape within ~4%; ±25%. Re-chained 2026-08-28 with the monthly shape within each anchor interval unchanged."
tesla,2026-02,324000,1279000,1240630,1470850,275400,405000,"Tesla's own Cumulative Paid Robotaxi Miles chart: monthly values vector-extracted from the Q4-2025 and Q1-2026 update-deck PDFs (overlapping months agree within ~3k mi; 658k end-2025, 1.717M end-Mar-2026). Texas driverless service only — the Q3-2025 call tracks Bay Area as a separate supervised series (1M+ mi by Oct 2025) and Aug-2025's ~13k delta is too small to contain the Bay fleet. Read as fleet service miles incl. deadhead, matching the incident scope (None + In-Vehicle + Remote Commercial/Test); if 'paid' is literally passenger-on-board miles the true total is higher, so the cumulative band's top carries ~15% upside and its floor ~3% read noise."
waymo,2026-02,15068850,205365652,202428239,208943015,11301638,18836062,"US est.: calibrated to Waymo's 220.6M rider-only miles through Mar 2026 (Safety Impact hub, Jun 24, 2026 update), bridging the 174.26M end-Dec-2025 anchor to the 222.46M end-Mar-2026 anchor (the hub's 220.613M plus 2.0M estimated in metros the hub had not yet benchmarked, less ~0.15M pre-series miles; data/README.md, Waymo anchors); consistent with >4M mi/week late Mar; CPUC Q1-2026 CA driverless actuals 9.09M Jan/8.19M Feb/9.11M Mar (54.9% CA share after the 2026-08-28 re-chain) corroborate level and shape within ~4%; ±25%. Re-chained 2026-08-28 with the monthly shape within each anchor interval unchanged."
tesla,2026-03,438000,1717000,1665490,1974550,372300,547500,"Tesla's own Cumulative Paid Robotaxi Miles chart: monthly values vector-extracted from the Q4-2025 and Q1-2026 update-deck PDFs (overlapping months agree within ~3k mi; 658k end-2025, 1.717M end-Mar-2026). Texas driverless service only — the Q3-2025 call tracks Bay Area as a separate supervised series (1M+ mi by Oct 2025) and Aug-2025's ~13k delta is too small to contain the Bay fleet. Read as fleet service miles incl. deadhead, matching the incident scope (None + In-Vehicle + Remote Commercial/Test); if 'paid' is literally passenger-on-board miles the true total is higher, so the cumulative band's top carries ~15% upside and its floor ~3% read noise."
waymo,2026-03,17097348,222463000,221663000,223763000,12823011,21371685,"US est.: calibrated to Waymo's 220.6M rider-only miles through Mar 2026 (Safety Impact hub, Jun 24, 2026 update; per-city cumulative PHX 80.6M, SF 67.1M, LA 51.8M, ATX 15.8M, ATL 5.4M): lands on the 222.46M end-Mar-2026 anchor (the hub's 220.613M plus 2.0M estimated in metros the hub had not yet benchmarked, less ~0.15M pre-series miles; data/README.md, Waymo anchors); CPUC Q1-2026 CA driverless actuals 9.09M Jan/8.19M Feb/9.11M Mar (54.9% CA share after the 2026-08-28 re-chain) corroborate level and shape within ~4%; ±25%. Re-chained 2026-08-28 with the monthly shape within each anchor interval unchanged."
tesla,2026-04,374000,2091000,2028270,2404650,317900,467500,"Tesla's own Cumulative Paid Robotaxi Miles chart: monthly values vector-extracted from the Q2-2026 update-deck PDF (13 points through Jun-2026, 2.440M end-Q2; overlapping months re-confirm the earlier decks' series within ~8k mi). Austin + Dallas/Houston (unsupervised Dallas/Houston launch Apr 18, 2026); Bay Area remains a separate supervised series. Read as fleet service miles incl. deadhead, matching the incident scope (None + In-Vehicle + Remote Commercial/Test); if 'paid' is literally passenger-on-board miles the true total is higher, so the cumulative band's top carries ~15% upside and its floor ~3% read noise. (Pre-pin activity-ratio estimates ran ~1.4-2.9x high for Q2's months, +28% on the end-Q2 cumulative — a utilization-led slowdown the fleet counts missed.)"
waymo,2026-04,18025220,240488220,238176464,243749976,16513464,19986976,"US est., bottom-up on the Waymo hub's MEASURED Q2 (Sep 24, 2026 update: 271.329M rider-only miles thru Jun-2026; re-chained 2026-09-25): CA = CPUC Q2-2026 driverless actual 9,414,525 deployment + 51,198 pilot (CPUC's total driverless VMT incl. deadhead) x 1.0576, the hub-vs-CPUC ratio for the hub's CA counties in Q2 (Q1: 1.040) = 10.01M (±3%); Maricopa 3.87M and Travis 1.72M = the hub's measured Q2 county increments (11.57M / 5.28M) split by the prior monthly shape (±10%); Atlanta 1.02M = the hub's measured Q2 Fulton+DeKalb increment (3.25M) split by the prior monthly shape (±10%); + rider-only metros the hub does not count (Miami, Dallas, Houston, Orlando, Nashville; San Antonio passenger service halted Apr 20 to Sep 17 after flood strandings Apr 4 and Apr 20) 1.40M [0.85M, 2.40M]. Miami/Orlando open to all Apr 15; Nashville public Apr 7. The Jun-2026 cumulative lands on the anchor: the hub's 271.329M plus 6.65M estimated in metros the hub does not count, less ~0.15M pre-series miles (data/README.md, Waymo anchors)."
tesla,2026-05,192000,2283000,2214510,2625450,163200,240000,"Tesla's own Cumulative Paid Robotaxi Miles chart: monthly values vector-extracted from the Q2-2026 update-deck PDF (13 points through Jun-2026, 2.440M end-Q2; overlapping months re-confirm the earlier decks' series within ~8k mi). Austin + Dallas/Houston (unsupervised Dallas/Houston launch Apr 18, 2026); Bay Area remains a separate supervised series. Read as fleet service miles incl. deadhead, matching the incident scope (None + In-Vehicle + Remote Commercial/Test); if 'paid' is literally passenger-on-board miles the true total is higher, so the cumulative band's top carries ~15% upside and its floor ~3% read noise. (Pre-pin activity-ratio estimates ran ~1.4-2.9x high for Q2's months, +28% on the end-Q2 cumulative — a utilization-led slowdown the fleet counts missed.)"
waymo,2026-05,18514196,259002416,255160284,264287794,16983820,20544572,"US est., bottom-up on the Waymo hub's MEASURED Q2 (Sep 24, 2026 update: 271.329M rider-only miles thru Jun-2026; re-chained 2026-09-25): CA = CPUC Q2-2026 driverless actual 9,704,968 deployment + 102,205 pilot (CPUC's total driverless VMT incl. deadhead) x 1.0576, the hub-vs-CPUC ratio for the hub's CA counties in Q2 (Q1: 1.040) = 10.37M (±3%); Maricopa 3.92M and Travis 1.72M = the hub's measured Q2 county increments (11.57M / 5.28M) split by the prior monthly shape (±10%); Atlanta 1.05M = the hub's measured Q2 Fulton+DeKalb increment (3.25M) split by the prior monthly shape (±10%); + rider-only metros the hub does not count (Miami, Dallas, Houston, Orlando, Nashville; San Antonio passenger service halted Apr 20 to Sep 17 after flood strandings Apr 4 and Apr 20) 1.45M [0.90M, 2.50M]. ALL US freeway rides suspended from May 21 (construction-zone/flood software fixes); TX/Atlanta/Nashville weather pause ~May 20-28; Miami +50 sq mi May 13. The Jun-2026 cumulative lands on the anchor: the hub's 271.329M plus 6.65M estimated in metros the hub does not count, less ~0.15M pre-series miles (data/README.md, Waymo anchors)."
tesla,2026-06,157000,2440000,2366800,2806000,133450,196250,"Tesla's own Cumulative Paid Robotaxi Miles chart: monthly values vector-extracted from the Q2-2026 update-deck PDF (13 points through Jun-2026, 2.440M end-Q2; overlapping months re-confirm the earlier decks' series within ~8k mi). Austin + Dallas/Houston (unsupervised Dallas/Houston launch Apr 18, 2026); Bay Area remains a separate supervised series. Read as fleet service miles incl. deadhead, matching the incident scope (None + In-Vehicle + Remote Commercial/Test); if 'paid' is literally passenger-on-board miles the true total is higher, so the cumulative band's top carries ~15% upside and its floor ~3% read noise. (Pre-pin activity-ratio estimates ran ~1.4-2.9x high for Q2's months, +28% on the end-Q2 cumulative — a utilization-led slowdown the fleet counts missed.)"
waymo,2026-06,18827345,277829761,275179379,281379379,17091585,21013105,"US est., bottom-up on the Waymo hub's MEASURED Q2 (Sep 24, 2026 update: 271.329M rider-only miles thru Jun-2026; re-chained 2026-09-25): CA = CPUC Q2-2026 driverless actual 9,023,791 deployment + 660,877 pilot (CPUC's total driverless VMT incl. deadhead) x 1.0576, the hub-vs-CPUC ratio for the hub's CA counties in Q2 (Q1: 1.040) = 10.24M (±3%); Maricopa 3.78M and Travis 1.84M = the hub's measured Q2 county increments (11.57M / 5.28M) split by the prior monthly shape (±10%); Atlanta 1.17M = the hub's measured Q2 Fulton+DeKalb increment (3.25M) split by the prior monthly shape (±10%); + rider-only metros the hub does not count (Miami, Dallas, Houston, Orlando, Nashville; San Antonio passenger service halted Apr 20 to Sep 17 after flood strandings Apr 4 and Apr 20) 1.80M [1.05M, 3.00M]. Public freeway rides suspended all month (Waymo's recall filing 26E035000: 'Waymo resumed vehicle operations on freeway June 25, 2026'); Nashville open to all Jun 25; the CPUC pilot file carries the Ojai (Zeekr) trusted-tester rides. The Jun-2026 cumulative lands on the anchor: the hub's 271.329M plus 6.65M estimated in metros the hub does not count, less ~0.15M pre-series miles; its cumulative band is the hub total plus 4.0M to 10.2M for those metros, less 0.15M (data/README.md, Waymo anchors). An Atlanta double-count correction applied 2026-09-25 was withdrawn 2026-09-29: Waymo's corrected per-cell file (CSV4 v2, posted Sep 28 but, as of Oct 2, not yet linked from waymo.com/safety/impact) lists each cell once and sums to the published county totals."
zoox,2026-06,265000,2745920,2230213,3251673,185500,344500,"US rough est.: LV Strip service (Zoox app; Uber partnership announced Mar 2026, LV Uber-app launch slated summer 2026) + SF east-side expansion (spring 2026), Austin/Miami employee rides; still free — NHTSA commercial FMVSS exemption granted Jul 30, 2026 (paid LV rides begin Aug); 0.7x-1.3x band. CPUC Q2-2026 (posted Aug 18, 2026) CA driverless actual: 67,923 mi this month (SF only; ~26% of the estimate) — too small a share to narrow the 0.7x-1.3x band, which stays as authored."
tesla,2026-07,240000,2680000,2516800,3186000,150000,380000,"Extension month beyond the Q2-2026 deck chart (2.440M cume end-Jun; next anchor: the Q3 deck, Oct 21, 2026 per Tesla's Oct 2 8-K), re-pinned 2026-09-04 to Tesla's Sep-3 Cybercab-event statement — Elluswamy: 'we have achieved 1 million miles of unsupervised Robotaxi operation' (Electrek Sep 3; keynote video x.com/SawyerMerritt/status/2095687786309341612) — the unsupervised SUBSET series that stood at 'more than 380,000' on the Jul-22 Q2 call, so the fleet drove >= ~620k service miles Jul 22 -> Sep 3 (600-720k over 40-50 days across vintage readings; unsupervised miles are a lower bound on the None + In-Vehicle + Remote service scope). Allocation: Jul 1-21 at the June run-rate (~5.2k/day incl. monitor-aboard miles, ~110k) plus Jul 22-31 from the delta (75-200k under 1x-3x within-interval ramps) -> 240k [150k, 380k]. July launches: Miami driverless Jul 3, Tampa/Orlando Jul 21; TxDMV VINs 117 -> 175 on Jul 15. Same scope as the deck series (fleet service miles incl. deadhead)."
waymo,2026-07,19477348,297307109,290893979,305162839,15714600,23783460,"US est., bottom-up extension on the hub basis (re-chained 2026-09-25): CA = June-trend CPUC-basis extrapolation 9.85M (±10%) x the hub-vs-CPUC CA ratio 1.058 [1.040, 1.076] = 10.42M; Maricopa 3.95M (hub Q2 run-rate 3.86M/mo; public freeway rides back Jul 29 from Phoenix; Waymo's recall filing 26E035000 says freeway vehicle operations resumed Jun 25), Travis 1.85M, Atlanta 1.26M (hub Q2 run-rate 1.08M/mo) (±25%); + uncounted metros 2.0M [1.2M, 3.3M] (12 JUL SGO crashes in them ≈ 1.8M at the 6.6/M young-market crash rate; Denver/Las Vegas/San Diego/Tampa employee rider-only from ~Jul 8). SF ~1-hour pause Jul 18 (power outage); LA/SF Bay freeways back ~first week of Aug. No Waymo total-miles figure measured after Jun 2026 exists; later figures are floors: 'more than 4,000' vehicles (TechCrunch, Sep 1; it already said 'around 4,000' on Jun 29; the Jun 13 recall covered 3,871 5th-gen vehicles) and 'over half a million trips each week' (Waymo, Sep 14; the same floor Waymo has stated since late March), while '4M+ mi/wk' was last stated Jun 24. Next anchors: CPUC Q3 (~mid-Nov) and the hub update with data thru Sep (~mid/late Dec)."
zoox,2026-07,265000,3010920,2415713,3596173,185500,344500,"US rough est.: LV Strip service + SF (east-side expansion), Austin/Miami employee rides, all still free through July; NHTSA granted the FMVSS commercial exemption Jul 30, 2026 (first ever for a no-controls robotaxi; 8 standards, up to 2,500 vehicles/yr for 2 years) — paid LV rides begin Aug 10, 2026 (announced Aug 5); 0.7x-1.3x band. Cume matches Zoox's 'more than 3 million miles on public roads' (company statement of Aug 5, 2026, CNBC/Bloomberg; not on zoox.com). NTA's Apr 6, 2026 interim authority under permit AVNC 001 capped the Las Vegas fleet at 100 vehicles (the posted Sub 5 is dated Aug 28), with ~65 running at the Aug 10 paid launch; purpose-built fleet 105 per smoke recall 26E044000 (received Jul 10); no service pause Jul-Aug."
tesla,2026-08,470000,3150000,2894800,3786000,360000,600000,"Second extension month, re-pinned 2026-09-04 to the Sep-3 '1 million miles of unsupervised Robotaxi operation' statement (see the 2026-07 row): allocating the Jul 22 -> Sep 3 delta (>= ~620k) with 1x-3x within-interval ramps puts August's unsupervised miles at 385-520k (central ~460k); a small monitor-aboard remainder (Austin mixed until early Aug) gives 470k [360k, 600k]. Activity signals agree: AP Sep 3 'more than 200 unsupervised robotaxis across six cities'; robotaxitracker distinct vehicles sighted ex-Bay-Area Jul 104 / Aug 173; Austin all-unsupervised from early Aug (Verge/TNW), Dallas/Houston/Miami unsupervised-only; TxDMV VINs 270 (Aug 27) -> 314 (Aug 31, first 45 Cybercabs) -> 420 (Sep 2); Dallas geofence ~31 -> 81 sq mi Aug 29, Austin +9% Aug 31; 6am-10pm 7 days (@robotaxi Aug 26), 24/7 'next month or so' per Elluswamy. Discounts: Electrek's '~20 active/day' is refuted by the mileage (14.4k mi/day would need ~720 mi/car/day); the Aug 17-23 receipt spike is sweepstakes gaming; the tracker availability feed is dead since Aug 18 (outage, not a pause). No pause, recall or halt found for August. The cumulative band's floor through Aug 31, 2,894,800, is the end-June floor (2,366,800: the deck's 2.44M less ~3% read noise) plus the >= 600k Jul 22 -> Sep 3 delta, less at most three September days at September's top rate (72k), even with zero miles Jul 1-21. Same scope as the deck series (fleet service miles incl. deadhead)."
waymo,2026-08,20759027,318066136,307407059,330821087,16513080,25658248,"US est., bottom-up extension on the hub basis (re-chained 2026-09-25): CA = 10.4M CPUC-basis (±12%; freeways back early Aug; Ojai open to all riders Aug 19-20, fared in CA from Aug 14) x the hub-vs-CPUC CA ratio 1.058 [1.040, 1.076] = 11.00M; Maricopa 4.2M (Phoenix freeways + East Valley +55 sq mi Aug 13), Travis 1.90M, Atlanta 1.36M (hub Q2 run-rate 1.08M/mo) (±25%); + uncounted metros 2.3M [1.4M, 3.8M] (Dallas open to all Aug 4, Houston Aug 20). No pause, recall, or halt found for August. No Waymo total-miles figure measured after Jun 2026 exists; later figures are floors: 'more than 4,000' vehicles (TechCrunch, Sep 1; it already said 'around 4,000' on Jun 29; the Jun 13 recall covered 3,871 5th-gen vehicles) and 'over half a million trips each week' (Waymo, Sep 14; the same floor Waymo has stated since late March), while '4M+ mi/wk' was last stated Jun 24. Next anchors: CPUC Q3 (~mid-Nov) and the hub update with data thru Sep (~mid/late Dec)."
zoox,2026-08,255000,3265920,2594213,3927673,178500,331500,"US rough est.: paid Las Vegas rides from Aug 10, 2026 (9 free + 22 paid days; ~65 vehicles running against the NTA 100-vehicle cap; hours unpublished until ~Sep 20-25, when zoox.com first stated 8am-1am; fares ~$22 avg vs Lyft ~$14, LVRJ Aug 17) + SF still free/waitlist (CPUC Jun actual 67,923 mi; needs deployment permits to charge) + Austin/Miami employee rides; Uber-app integration not live ('later this year'). No volume disclosure since the Aug 5 'more than 3 million miles'/'more than half a million riders' (Jul 30) statements — the press 'nearly 1 million riders' conflates riders with waitlist. Paid pricing likely trims demand but VMT is supply/deadhead-driven, so ~flat vs July; 0.7x-1.3x band. No pause, recall, or halt found for August. FMVSS exemption FR 2026-15485: ≤2,500 vehicles per 12 months through Jul 31, 2028."
tesla,2026-09,480000,3630000,3194800,4506000,300000,720000,"Third extension month beyond the Q2-2026 deck chart (next anchor: the Q3-2026 update deck, which Tesla's Oct 2 8-K schedules for after market close Wed Oct 21, 2026, six days after the ~Oct 15 NHTSA release; it re-pins Jul-Sep). No Tesla mileage figure in any series after the Sep-3 '1 million miles of unsupervised Robotaxi operation' (checked through Oct 2: Electrek, Teslarati, Not a Tesla App, Drive Tesla, thechargeport, tesla.com/robotaxi, the Sep 24 Semi event, EDGAR incl. the Oct-2 Q3 deliveries release, which has no robotaxi figure). Tesla Charging's Q3 Supercharger card (Oct 1) reports '7.0 GWh Robotaxi Energy' without saying which vehicles it covers; at a 2026 Model Y's EPA 27.5 kWh/100 mi that is ~25M miles, ~21x the 1.19M our Jul-Sep rows give Q3, so it must include vehicles or energy outside the driverless service, which Tesla does not identify, and is not used. Central ~flat-to-up on August's run-rate (15.2k/day x 30 = 455k): first full month of Cybercab public rides in Austin (from Sep 4) and of the Austin geofence expansion (+9%, Aug 31); service hours unchanged at 6am-10pm (in effect by Aug 7, not introduced Aug 26), no 24/7 yet. Registrations are not miles: TxDMV Tesla Robotaxi LLC 546 VINs on Sep 25 (420 Model Y + 126 Cybercab) vs 420 on Sep 2, unchanged through Sep 30, then 589 by Oct 2 (all 43 added are Cybercabs); robotaxitracker saw 170 Texas VINs in the 30 days to Sep 25, and riders logged trips of 0.5 mi or more in 195 distinct vehicles outside the Bay Area in September (51 of them Cybercabs) vs 175 in August on the same basis. Discounted: Electrek's Sep-22 '8 active vehicles in Austin' tracks tracker contributor volume (458 logged trips Sep 3-9 vs 23 Sep 16-22). Band [300k, 720k] = 0.64x-1.53x August (Tesla's deck series: best month-over-month 1.48x, worst 0.51x; Q2's provisional months ran 1.36-2.9x high). NHTSA audit query AQ26002 on the no-controls Cybercab (opened Sep 3) caused no pause; no pause, recall or halt found. Same scope as the deck series (fleet service miles incl. deadhead)."
zoox,2026-09,265000,3530920,2779713,4272173,185500,344500,"US rough est.: first full month of paid Las Vegas service (from Aug 10) plus paid LAS airport pickups at both terminals from Sep 3 (Zoox quotes 20-45 minutes per airport trip); ~65 LV vehicles in service (NTA, Sep 2) within a purpose-built fleet of about 100 (TechCrunch Sep 17); the NTA 100-vehicle cap expired Sep 25 (growth 'over the next several months', so October on); SF still free (DMV deployment permit pending); Austin/Miami rides limited to Zoox employees, families and friends (Zoox, Mar 25 and Apr 23, 2026; public waitlists); Uber-app integration not live. No miles or riders disclosure since Aug 5 ('more than 3 million miles'); NYT Sep 9's unattributed 'about 10,000 rides a week' may be riders at the Q2 pace, and as rides would imply ~210-380k mi/mo. August per-day (8.2k) x 30 = 247k, nudged up for the airport: 265k; 0.7x-1.3x band. No pause, recall or halt found for driverless service, including after the Sep 25 Strip crash (no passengers aboard, per Zoox via News 3 LV, Sep 26; NHTSA's Oct 2 recall file lists no new Zoox recall; the Sep 23 Atlanta grounding covers the safety-driver Highlander test fleet, outside this scope)."
waymo,2026-09,21429027,339495163,323985659,357965047,16578600,27143960,"US est., bottom-up extension on the hub basis (re-chained 2026-09-25): CA = 10.4M CPUC-basis held (±15%) x the hub-vs-CPUC CA ratio 1.058 [1.040, 1.076] = 11.00M; Maricopa 4.2M (4.3M less ~0.1M for the Phoenix weather pauses below), Travis 1.95M, Atlanta 1.43M (hub Q2 run-rate 1.08M/mo) (±25%); + uncounted metros 2.85M [1.7M, 4.8M] (Denver/San Diego/Tampa public from Sep 1, San Diego counted here and not in the CPUC-basis CA term; Las Vegas public from Sep 14 with 'a couple of dozen vehicles'; San Antonio passenger service back Sep 17 for prior-access riders, 'dozens' of cars). Austin freeway rides via Uber from Sep 22 (a Waymo spokesperson to CBS Austin, Sep 23: 'millions of fully autonomous freeway miles we've already driven with riders in Phoenix, Miami, San Francisco, and Los Angeles'); Nashville riders matched on Lyft from Sep 9; Texas AV registrations 736 (Aug 25) to 988 (Sep 2) to 1,133 (Sep 25) to 1,154 (Oct 1; 359 Zeekr Ojai), registered not the same as in service. Cross-check: 21.4M/mo ≈ 5.0M/wk vs Waymo's last stated floor, 'more than 4 million miles every week' (Jun 24). Weather pauses in robotaxitracker app-availability data (every pickup point unavailable): Phoenix Sep 16 13:28 MST to Sep 17 08:30 MST, during NWS flash flood warnings and ending as the last flood warning expired, then 28-30 of 37 points until ~11:20 MST Sep 18, and Sep 29 04:38-07:18 MST (Polo remnants), about 1 demand-weighted day in all (~0.1M, taken off Maricopa); LA Sep 6 17:19-21:09 PDT (flood advisories); Dallas from Sep 30 16:19 CDT, when a flood watch began, into October. No recall after 26E035000 and no new NHTSA investigation through Sep 30. No Waymo total-miles figure measured after Jun 2026 exists; later figures are floors: 'more than 4,000' vehicles (TechCrunch, Sep 1; it already said 'around 4,000' on Jun 29; the Jun 13 recall covered 3,871 5th-gen vehicles) and 'over half a million trips each week' (Waymo, Sep 14; the same floor Waymo has stated since late March), while '4M+ mi/wk' was last stated Jun 24. Next anchors: CPUC Q3 (~mid-Nov) and the hub update with data thru Sep (~mid/late Dec)."
